,Company,url,Category,Sub_Category,industry,financials_arr_max,financials_arr_min,financials_revenue_2016,financials_revenue_2017,financials_num_customers_max,financials_num_customers_min
0,CleverTap,clevertap.com,Advertising & Promotion,Mobile Marketing,Business Intelligence,7200000.0,4800000.0,1500000,4800000.0,200.0,200.0
1,iZooto,izooto.com,Advertising & Promotion,Mobile Marketing,Marketing Automation,1176000.0,1176000.0,192000,1176000.0,400.0,400.0
2,Mobilewalla,mobilewalla.com,Advertising & Promotion,Mobile Marketing,Marketing Automation,3000000.0,3000000.0,4000000,3000000.0,9.0,9.0
3,MobStac,mobstac.com,Advertising & Promotion,Mobile Marketing,Marketing Automation,300000.0,300000.0,220000,300000.0,0.0,100.0
4,Privy,privy.com,Advertising & Promotion,Mobile Marketing,Marketing Automation,3100000.0,3100000.0,3096000,3096000.0,5000.0,5000.0
5,Teckst,teckst.com,Advertising & Promotion,Mobile Marketing,Sales Automation,1440000.0,1440000.0,1440000,0.0,65.0,65.0
6,Texting Base,textingbase.com,Advertising & Promotion,Mobile Marketing,Marketing Automation,300000.0,300000.0,300000,300000.0,500.0,500.0
7,Funnel,funnel.io,Advertising & Promotion,Display & Programmatic Advertising,Technical Solutions,2160000.0,2160000.0,720000,2160000.0,340.0,340.0
8,Jelli,jelli.com,Advertising & Promotion,Display & Programmatic Advertising,Marketing Automation,30000000.0,0.0,6000000,12000000.0,2300.0,2300.0
9,Sortable,sortable.com,Advertising & Promotion,Display & Programmatic Advertising,Marketing Automation,0.0,3000000.0,3000000,3000000.0,300.0,300.0
10,AdEspresso,adespresso.com,Advertising & Promotion,Search & Social Advertising,Marketing Automation,1800000.0,1800000.0,1800000,0.0,1000.0,1000.0
11,Adthena,adthena.com,Advertising & Promotion,Search & Social Advertising,Business Intelligence,7500000.0,7500000.0,7500000,7500000.0,200.0,200.0
12,SocialFlow,socialflow.com,Advertising & Promotion,Search & Social Advertising,Marketing Automation,10000000.0,10000000.0,9999996,9999996.0,200.0,200.0
13,Real Content Network,realcontentnetwork.com,Advertising & Promotion,Native/Content Advertising,Marketing Automation,1080000.0,1080000.0,300000,1080000.0,150.0,150.0
14,pr.co,pr.co,Advertising & Promotion,PR,Public Relations,344400.0,344400.0,180000,344400.0,287.0,287.0
15,Prezly,prezly.com,Advertising & Promotion,PR,Marketing Automation,2000000.0,1600000.0,850000,1440000.0,1000.0,300.0
16,TrendKite,trendkite.com,Advertising & Promotion,PR,Public Relations,0.0,10000000.0,9996000,9996000.0,10000.0,1000.0
17,Alpha Software,alphasoftware.com,Content & Experience,Mobile Apps,Team Communication,10000000.0,5000000.0,4992000,4992000.0,3000.0,3000.0
18,Apptimize,apptimize.com,Content & Experience,Mobile Apps,Marketing Automation,6000000.0,6000000.0,2600000,6000000.0,1000.0,100.0
19,Buildfire,buildfire.com,Content & Experience,Mobile Apps,Team Communication,4800000.0,4800000.0,2400000,2400000.0,5000.0,1000.0
20,SauceLabs,saucelabs.com,Content & Experience,Mobile Apps,Technical Solutions,30000000.0,30000000.0,28000000,30000000.0,3500.0,3500.0
21,Vidyard,vidyard.com,Content & Experience,Video Marketing,Marketing Automation,0.0,9600000.0,9600000,0.0,0.0,0.0
22,Conveyour,conveyour.com,Content & Experience,Interactive Content,Sales Automation,840000.0,840000.0,840000,840000.0,100.0,100.0
23,Formstack,formstack.com,Content & Experience,Interactive Content,Business Intelligence,13440000.0,11520000.0,11520000,11520000.0,16000.0,16000.0
24,Interact,tryinteract.com,Content & Experience,Interactive Content,Marketing Automation,576000.0,0.0,280000,576000.0,800.0,800.0
25,Jebbit,jebbit.com,Content & Experience,Interactive Content,Sales Automation,4800000.0,4800000.0,2000000,5000000.0,0.0,50.0
26,Jotform,jotform.com,Content & Experience,Interactive Content,Team Communication,0.0,54000000.0,34800000,54000000.0,0.0,180000.0
27,Kickoff Labs,kickofflabs.com,Content & Experience,Interactive Content,Marketing Automation,900000.0,900000.0,900000,0.0,1000.0,1000.0
28,Riddle,riddle.com,Content & Experience,Interactive Content,Marketing Automation,420000.0,420000.0,420000,420000.0,700.0,700.0
29,Turtl,turtl.co,Content & Experience,Interactive Content,Marketing Automation,1500000.0,1500000.0,600000,1500000.0,50.0,50.0
30,Typeform,typeform.com,Content & Experience,Interactive Content,Misc,19000000.0,19000000.0,19200000,19200000.0,40000.0,40000.0
31,Wishpond,wishpond.com,Content & Experience,Interactive Content,Marketing Automation,10000000.0,6000000.0,5000000,6000000.0,2500.0,2500.0
32,Zembula,zembula.com,Content & Experience,Interactive Content,Marketing Automation,4800000.0,2520000.0,360000,2520000.0,110.0,110.0
33,AWeber,aweber.com,Content & Experience,Email Marketing,Marketing Automation,27360000.0,27360000.0,27360000,0.0,120000.0,120000.0
34,Delivra,delivra.com,Content & Experience,Email Marketing,Marketing Automation,5000004.0,5000004.0,5000004,0.0,500.0,500.0
35,ExpressPigeon,expresspigeon.com,Content & Experience,Email Marketing,Marketing Automation,1000000.0,500000.0,400000,528000.0,800.0,200.0
36,Mad Mimi,madmimi.com,Content & Experience,Email Marketing,Marketing Automation,0.0,0.0,0,0.0,0.0,0.0
37,Moosend,moosend.com,Content & Experience,Email Marketing,Marketing Automation,1680000.0,1680000.0,720000,1680000.0,700.0,700.0
38,MovableInk,movableink.com,Content & Experience,Email Marketing,Marketing Automation,40000000.0,40000000.0,39999996,39999996.0,500.0,500.0
39,Notablist,notablist.com,Content & Experience,Email Marketing,Business Intelligence,150000.0,150000.0,1,150000.0,20.0,20.0
40,Outbound,outbound.io,Content & Experience,Email Marketing,Marketing Automation,1200000.0,360000.0,360000,360000.0,0.0,100.0
41,Seventh Sense,theseventhsense.com,Content & Experience,Email Marketing,Marketing Automation,360000.0,360000.0,120000,360000.0,136.0,136.0
42,Siftrock,siftrock.com,Content & Experience,Email Marketing,Marketing Automation,1000000.0,1000000.0,100000,996000.0,140.0,140.0
43,Vero,getvero.com,Content & Experience,Email Marketing,Marketing Automation,2400000.0,1800000.0,1000000,1800000.0,300.0,250.0
44,AutomatedInsights,automatedinsights.com,Content & Experience,Content Marketing,Technical Solutions,0.0,7200000.0,7200000,7200000.0,0.0,300.0
45,ClearVoice,clearvoice.com,Content & Experience,Content Marketing,Marketing Automation,3000000.0,3000000.0,1500000,3060000.0,150.0,150.0
46,ContentLaunch,contentlaunch.com,Content & Experience,Content Marketing,Marketing Automation,48000.0,36000.0,36000,36000.0,15.0,15.0
47,Contently,contently.com,Content & Experience,Content Marketing,Marketing Automation,20000000.0,20000000.0,19200000,19200000.0,200.0,200.0
48,Contentools,contentools.com,Content & Experience,Content Marketing,Marketing Automation,840000.0,840000.0,840000,840000.0,700.0,700.0
49,Fabl,fabl.co,Content & Experience,Content Marketing,Marketing Automation,0.0,3000000.0,600000,3000000.0,0.0,50.0
50,Issuu,issuu.com,Content & Experience,Content Marketing,Marketing Automation,42000000.0,0.0,42000000,0.0,100000.0,100000.0
51,MarketMuse,marketmuse.com,Content & Experience,Content Marketing,Marketing Automation,4800000.0,4200000.0,420000,4200000.0,0.0,100.0
52,Percolate,percolate.com,Content & Experience,Content Marketing,Marketing Automation,40000000.0,40000000.0,39999996,39999996.0,200.0,200.0
53,Revue,getrevue.co,Content & Experience,Content Marketing,Marketing Automation,84000.0,84000.0,60000,84000.0,1000.0,1000.0
54,ScoopIt,scoop.it,Content & Experience,Content Marketing,Marketing Automation,3570000.0,2500000.0,2496000,2496000.0,250.0,250.0
55,Skyword,skyword.com,Content & Experience,Content Marketing,Marketing Automation,20000000.0,20000000.0,19200000,19200000.0,150.0,150.0
56,Smartling,smartling.com,Content & Experience,Content Marketing,Misc,0.0,10000000.0,9999996,9999996.0,500.0,0.0
57,Upcontent,upcontent.com,Content & Experience,Content Marketing,Sales Automation,108000.0,108000.0,108000,108000.0,250.0,250.0
58,Videoblocks,videoblocks.com,Content & Experience,Content Marketing,Marketing Automation,26000000.0,20000000.0,20000004,0.0,150000.0,150000.0
59,Visme,visme.co,Content & Experience,Content Marketing,Team Communication,2400000.0,1200000.0,600000,1200000.0,10000.0,10000.0
60,Wochit,wochit.com,Content & Experience,Content Marketing,Marketing Automation,30000000.0,10000000.0,5000000,9996000.0,0.0,200.0
61,WriterAccess,writeraccess.com,Content & Experience,Content Marketing,Misc,1200000.0,0.0,1200000,1200000.0,1000.0,0.0
62,BloomReach,bloomreach.com,Content & Experience,"Optimization, Personalization & Testing",Marketing Automation,100000000.0,62500000.0,62400000,62400000.0,250.0,250.0
63,Bouncex,bouncex.com,Content & Experience,"Optimization, Personalization & Testing",Marketing Automation,24000000.0,18000000.0,18000000,18000000.0,250.0,250.0
64,CaliberMind,calibermind.com,Content & Experience,"Optimization, Personalization & Testing",Sales Automation,432000.0,432000.0,432000,432000.0,12.0,12.0
65,Concentric,concentricmarket.com,Content & Experience,"Optimization, Personalization & Testing",Business Intelligence,1440000.0,1440000.0,600000,1440000.0,135.0,135.0
66,Demandbase,demandbase.com,Content & Experience,"Optimization, Personalization & Testing",Sales Automation,108000000.0,90000000.0,76800000,100000000.0,600.0,400.0
67,FunnelEnvy,funnelenvy.com,Content & Experience,"Optimization, Personalization & Testing",Marketing Automation,672000.0,210000.0,60000,210000.0,7.0,7.0
68,Instapage,instapage.com,Content & Experience,"Optimization, Personalization & Testing",Marketing Automation,20000000.0,10000000.0,5000000,19200000.0,16000.0,16000.0
69,OmniConvert,omniconvert.com,Content & Experience,"Optimization, Personalization & Testing",Marketing Automation,1140000.0,1140000.0,1140000,1140000.0,250.0,250.0
70,Sailthru,sailthru.com,Content & Experience,"Optimization, Personalization & Testing",Marketing Automation,40000000.0,32000000.0,31200000,31200000.0,400.0,400.0
71,Sentient.AI,sentient.ai,Content & Experience,"Optimization, Personalization & Testing",Marketing Automation,3000000.0,3000000.0,3000000,3000000.0,25.0,25.0
72,Unbounce,unbounce.com,Content & Experience,"Optimization, Personalization & Testing",Marketing Automation,15000000.0,15000000.0,12000000,15600000.0,14000.0,14000.0
73,UserTesting,usertesting.com,Content & Experience,"Optimization, Personalization & Testing",Business Intelligence,70000000.0,60000000.0,69999996,60000000.0,3000.0,3000.0
74,Wingify,wingify.com,Content & Experience,"Optimization, Personalization & Testing",Technical Solutions,30000000.0,18000000.0,18000000,18000000.0,5000.0,5000.0
75,Brandfolder,brandfolder.com,Content & Experience,DAM & MRM,Team Communication,12000000.0,6000000.0,6000000,6000000.0,4000.0,4000.0
76,Fotoware,fotoware.com,Content & Experience,DAM & MRM,Team Communication,5000000.0,5000000.0,4800000,4800000.0,4000.0,4000.0
77,Shotfarm,shotfarm.com,Content & Experience,DAM & MRM,Technical Solutions,0.0,1440000.0,1440000,1440000.0,0.0,100.0
78,Workfront,workfront.com,Content & Experience,DAM & MRM,Team Communication,200000000.0,120000000.0,85000000,113760000.0,2844.0,2844.0
79,EasyRedir,easyredir.com,Content & Experience,SEO,Marketing Automation,0.0,180000.0,65000,180000.0,1000.0,500.0
80,Moz,moz.com,Content & Experience,SEO,Marketing Automation,42600000.0,40999992.0,42600000,40999992.0,23000.0,23000.0
81,Rankwatch,rankwatch.com,Content & Experience,SEO,Marketing Automation,2250000.0,2250000.0,1680000,2250000.0,1500.0,1500.0
82,SEMRush,semrush.com,Content & Experience,SEO,Marketing Automation,100000000.0,50000000.0,30000000,48000000.0,50000.0,30000.0
83,SoloSEO,soloseo.com,Content & Experience,SEO,Marketing Automation,48000000.0,48000000.0,48000000,48000000.0,200000.0,200000.0
84,Booker,booker.com,Content & Experience,Marketing Automation & Campaign/Lead Management,Human Resources,18000000.0,18000000.0,18000000,18000000.0,10000.0,10000.0
85,ConvertKit,convertkit.com,Content & Experience,Marketing Automation & Campaign/Lead Management,Marketing Automation,12800000.0,12800000.0,5760000,12840000.0,0.0,19000.0
86,Genoo,genoo.com,Content & Experience,Marketing Automation & Campaign/Lead Management,Marketing Automation,1020000.0,1020000.0,1020000,1020000.0,500.0,500.0
87,Hatchbuck,hatchbuck.com,Content & Experience,Marketing Automation & Campaign/Lead Management,Sales Automation,2500000.0,2500000.0,2500000,0.0,1200.0,1200.0
88,Infusionsoft,infusionsoft.com,Content & Experience,Marketing Automation & Campaign/Lead Management,Sales Automation,0.0,100000000.0,100000000,99999996.0,175000.0,175000.0
89,Kahuna,kahuna.com,Content & Experience,Marketing Automation & Campaign/Lead Management,Marketplace,36000000.0,3600000.0,3600000,3600000.0,100.0,100.0
90,Kit,kitcrm.com,Content & Experience,Marketing Automation & Campaign/Lead Management,Sales Automation,456000.0,456000.0,456000,0.0,2000.0,2000.0
91,Metadata,metadata.io,Content & Experience,Marketing Automation & Campaign/Lead Management,Marketing Automation,420000.0,420000.0,420000,0.0,13.0,13.0
92,Ontraport,ontraport.com,Content & Experience,Marketing Automation & Campaign/Lead Management,Sales Automation,0.0,0.0,0,0.0,6000.0,6000.0
93,Vendasta,vendasta.com,Content & Experience,Marketing Automation & Campaign/Lead Management,Sales Automation,27600000.0,27600000.0,18000000,27600000.0,1200.0,1200.0
94,Vuture,vutu.re,Content & Experience,Marketing Automation & Campaign/Lead Management,Marketing Automation,12000000.0,9900000.0,8000000,9900000.0,300.0,300.0
95,CoreDNA,coredna.com,Content & Experience,CMS & Web Experience Management,Team Communication,2400000.0,2400000.0,1920000,2400000.0,0.0,25.0
96,Coremedia,coremedia.com,Content & Experience,CMS & Web Experience Management,Sales Automation,10000000.0,10000000.0,8500000,9996000.0,120.0,120.0
97,Devhub,devhub.com,Content & Experience,CMS & Web Experience Management,Team Communication,6000000.0,1464000.0,900000,1464000.0,61.0,61.0
98,PageCloud,pagecloud.com,Content & Experience,CMS & Web Experience Management,Team Communication,2400000.0,1200000.0,1800000,1200000.0,8400.0,8400.0
99,Pantheon,pantheon.io,Content & Experience,CMS & Web Experience Management,Team Communication,0.0,3600000.0,3600000,3600000.0,0.0,10000.0
100,Stantive,stantive.com,Content & Experience,CMS & Web Experience Management,Sales Automation,0.0,7500000.0,5000000,7500000.0,75.0,50.0
101,CallTrackingMetrics,calltrackingmetrics.com,Social & Relationships,Call Analytics & Management,Sales Automation,14400000.0,14400000.0,8000000,14400000.0,0.0,30000.0
102,Convirza,convirza.com,Social & Relationships,Call Analytics & Management,Sales Automation,0.0,10000000.0,7200000,9996000.0,1000.0,1000.0
103,ExecVision,execvision.io,Social & Relationships,Call Analytics & Management,Human Resources,849996.0,849996.0,849996,0.0,50.0,50.0
104,Gong,gong.io,Social & Relationships,Call Analytics & Management,Sales Automation,2000000.0,2000000.0,1992000,1992000.0,200.0,200.0
105,Ringostat,ringostat.com,Social & Relationships,Call Analytics & Management,Business Intelligence,1020000.0,1020000.0,300000,1020000.0,600.0,600.0
106,Talkdesk,talkdesk.com,Social & Relationships,Call Analytics & Management,Human Resources,39000000.0,39000000.0,39000000,39000000.0,50000.0,50000.0
107,Artesian,artesian.co,Social & Relationships,ABM,Sales Automation,8400000.0,8400000.0,8400000,8400000.0,120.0,120.0
108,Engagio,engagio.com,Social & Relationships,ABM,Marketing Automation,6000000.0,6000000.0,6000000,6000000.0,200.0,200.0
109,Kwanzoo,kwanzoo.com,Social & Relationships,ABM,Marketing Automation,0.0,1500000.0,1000000,1500000.0,50.0,50.0
110,LeanData,leandatainc.com,Social & Relationships,ABM,Marketing Automation,7500000.0,4998000.0,4998000,4998000.0,250.0,250.0
111,Mariana IQ,marianaiq.com,Social & Relationships,ABM,Marketing Automation,1000000.0,1000000.0,550000,960000.0,20.0,20.0
112,Cvent,cvent.com,Social & Relationships,"Events, Meetings & Webinars",Misc,500000000.0,500000000.0,234000000,370000000.0,25000.0,25000.0
113,Maestro Conference,maestroconference.com,Social & Relationships,"Events, Meetings & Webinars",Marketing Automation,1080000.0,1080000.0,1080000,1080000.0,1000.0,1000.0
114,Mentimeter,mentimeter.com,Social & Relationships,"Events, Meetings & Webinars",Sales Automation,1500000.0,1500000.0,800000,1500000.0,6000.0,6000.0
115,SpinGo,spingo.com,Social & Relationships,"Events, Meetings & Webinars",Team Communication,5400000.0,5400000.0,3600000,5400000.0,30000.0,30000.0
116,Zoom,zoom.us,Social & Relationships,"Events, Meetings & Webinars",Team Communication,0.0,153000000.0,76500000,153000000.0,850000.0,850000.0
117,Around.io,around.io,Social & Relationships,Social Media Marketing & Monitoring,Marketing Automation,100000.0,0.0,60000,99996.0,650.0,600.0
118,Brand24,brand24.com,Social & Relationships,Social Media Marketing & Monitoring,Marketing Automation,2400000.0,2400000.0,2400000,1800000.0,2000.0,2000.0
119,Brandwatch,brandwatch.com,Social & Relationships,Social Media Marketing & Monitoring,Business Intelligence,60000000.0,60000000.0,50000000,60000000.0,1500.0,1500.0
120,Crisp,crispthinking.com,Social & Relationships,Social Media Marketing & Monitoring,Public Relations,17000000.0,10000000.0,6000000,9996000.0,100.0,100.0
121,Crystal Project,crystalknows.com,Social & Relationships,Social Media Marketing & Monitoring,Human Resources,1200000.0,720000.0,480000,720000.0,2000.0,2000.0
122,Frrole,frrole.ai,Social & Relationships,Social Media Marketing & Monitoring,Sales Automation,492000.0,492000.0,492000,492000.0,18.0,18.0
123,Later,later.com,Social & Relationships,Social Media Marketing & Monitoring,Marketing Automation,600000.0,600000.0,600000,0.0,3500.0,3500.0
124,Mention,mention.com,Social & Relationships,Social Media Marketing & Monitoring,Business Intelligence,0.0,2880000.0,2880000,2880000.0,4000.0,4000.0
125,MissingLettr,missinglettr.com,Social & Relationships,Social Media Marketing & Monitoring,Marketing Automation,96000.0,96000.0,96000,96000.0,600.0,600.0
126,Nudge,nudge.ai,Social & Relationships,Social Media Marketing & Monitoring,Sales Automation,720000.0,720000.0,720000,720000.0,30.0,30.0
127,PromoRepublic,promorepublic.com,Social & Relationships,Social Media Marketing & Monitoring,Marketing Automation,240000.0,240000.0,110000,240000.0,5500.0,2500.0
128,Quuu,quuu.co,Social & Relationships,Social Media Marketing & Monitoring,Marketing Automation,549696.0,416436.0,251000,0.0,5000.0,5000.0
129,Sniply,snip.ly,Social & Relationships,Social Media Marketing & Monitoring,Marketing Automation,600000.0,600000.0,600000,0.0,1000.0,1000.0
130,Socedo,socedo.com,Social & Relationships,Social Media Marketing & Monitoring,Sales Automation,2400000.0,2400000.0,1500000,2400000.0,200.0,200.0
131,Socialbakers,socialbakers.com,Social & Relationships,Social Media Marketing & Monitoring,Marketing Automation,35000000.0,35000000.0,28000000,34800000.0,2700.0,2700.0
132,Trackur,trackur.com,Social & Relationships,Social Media Marketing & Monitoring,Public Relations,0.0,180000.0,180000,180000.0,0.0,100.0
133,Tradable Bits,tradablebits.com,Social & Relationships,Social Media Marketing & Monitoring,Marketing Automation,3600000.0,2400000.0,1500000,2400000.0,250.0,250.0
134,Ambassador,getambassador.com,Social & Relationships,"Advocacy, Loyalty & Referrals",Sales Automation,3840000.0,3840000.0,3840000,0.0,300.0,300.0
135,Dynamic Signal,dynamicsignal.com,Social & Relationships,"Advocacy, Loyalty & Referrals",Human Resources,50000000.0,50000000.0,50000000,50000004.0,0.0,1000.0
136,Influitive,influitive.com,Social & Relationships,"Advocacy, Loyalty & Referrals",Marketing Automation,0.0,10000000.0,8000000,10000000.0,270.0,270.0
137,Perkville,perkville.com,Social & Relationships,"Advocacy, Loyalty & Referrals",Marketing Automation,3000000.0,2400000.0,1800000,2400000.0,23000.0,23000.0
138,Referral Saasquatch,referralsaasquatch.com,Social & Relationships,"Advocacy, Loyalty & Referrals",Marketing Automation,1000000.0,1000000.0,500000,1080000.0,100.0,100.0
139,Zinrelo,zinrelo.com,Social & Relationships,"Advocacy, Loyalty & Referrals",Marketing Automation,12000000.0,9500000.0,6300000,9600000.0,500.0,500.0
140,Hypr,hyprbrands.com,Social & Relationships,Influencers,Marketing Automation,9000000.0,0.0,1300000,7560000.0,200.0,200.0
141,Influenster,influenster.com,Social & Relationships,Influencers,Marketing Automation,15000000.0,12000000.0,10000000,12000000.0,0.0,150.0
142,Insightpool,insightpool.com,Social & Relationships,Influencers,Marketing Automation,3600000.0,3600000.0,3600000,3600000.0,100.0,100.0
143,Markerly,markerly.com,Social & Relationships,Influencers,Marketing Automation,0.0,720000.0,720000,720000.0,100.0,30.0
144,BirdEye,birdeye.com,Social & Relationships,Community & Reviews,Marketing Automation,30000000.0,21600000.0,13000000,21600000.0,10000.0,10000.0
145,introNetworks,intronetworks.com,Social & Relationships,Community & Reviews,Human Resources,12000000.0,12000000.0,12000000,12000000.0,50.0,50.0
146,Podium,podium.com,Social & Relationships,Community & Reviews,Marketing Automation,12000000.0,12000000.0,12000000,0.0,6500.0,6500.0
147,ShopperApproved,shopperapproved.com,Social & Relationships,Community & Reviews,Marketing Automation,6000000.0,6000000.0,3700000,6000000.0,7000.0,7000.0
148,Pulse insights,pulseinsights.com,Social & Relationships,Feedback & Chat,Marketing Automation,0.0,1000000.0,500000,960000.0,0.0,10.0
149,Pure Chat,purechat.com,Social & Relationships,Feedback & Chat,Sales Automation,1300000.0,1300000.0,780000,1296000.0,0.0,4000.0
150,Qualtrics,qualtrics.com,Social & Relationships,Feedback & Chat,Business Intelligence,0.0,250000000.0,249600000,249600000.0,9000.0,9000.0
151,Rant & Rave,rantandrave.com,Social & Relationships,Feedback & Chat,Sales Automation,0.0,28000000.0,20000000,27600000.0,285.0,285.0
152,Tagove,tagove.com,Social & Relationships,Feedback & Chat,Sales Automation,780000.0,780000.0,120000,780000.0,1300.0,1300.0
153,CloudCherry,getcloudcherry.com,Social & Relationships,"Customer Experience, Service & Success",Human Resources,1200000.0,1000000.0,333333,1056000.0,100.0,100.0
154,HelpScout,helpscout.net,Social & Relationships,"Customer Experience, Service & Success",Misc,15120000.0,15120000.0,6000000,15120000.0,9000.0,9000.0
155,Kustomer,kustomer.com,Social & Relationships,"Customer Experience, Service & Success",Sales Automation,0.0,1200000.0,1200000,1200000.0,10000.0,1000.0
156,Optimove,optimove.com,Social & Relationships,"Customer Experience, Service & Success",Sales Automation,100000000.0,25000000.0,13500000,27816000.0,0.0,214.0
157,Pendo,pendo.io,Social & Relationships,"Customer Experience, Service & Success",Sales Automation,14400000.0,14400000.0,4800000,14400000.0,400.0,400.0
158,Apptivo,apptivo.com,Social & Relationships,CRM,Sales Automation,9600000.0,8400000.0,8400000,8400000.0,80000.0,80000.0
159,Batchbook,batchbook.com,Social & Relationships,CRM,Sales Automation,5040000.0,5040000.0,5040000,0.0,10000.0,10000.0
160,Contactually,contactually.com,Social & Relationships,CRM,Sales Automation,8400000.0,8400000.0,8400000,8400000.0,12000.0,12000.0
161,Neon,neoncrm.com,Social & Relationships,CRM,Sales Automation,8000000.0,6000000.0,5400000,6000000.0,3000.0,3000.0
162,Nimble,nimble.com,Social & Relationships,CRM,Sales Automation,2700000.0,2700000.0,2000000,2700000.0,10500.0,10500.0
163,ProsperWorks,prosperworks.com,Social & Relationships,CRM,Sales Automation,24000000.0,24000000.0,24000000,0.0,40000.0,40000.0
164,Salesflare,salesflare.com,Social & Relationships,CRM,Sales Automation,360000.0,36000.0,36000,36000.0,1000.0,100.0
165,Vtiger,vtiger.com,Social & Relationships,CRM,Sales Automation,3600000.0,3600000.0,2640000,3600000.0,3000.0,3000.0
166,Celect,celect.com,Commerce & Sales,"Retail, Proximity & IoT Marketing",Business Intelligence,6000000.0,6000000.0,2400000,6000000.0,20.0,10.0
167,Enplug,enplug.com,Commerce & Sales,"Retail, Proximity & IoT Marketing",Marketing Automation,4800000.0,4800000.0,2400000,4800000.0,0.0,1000.0
168,Infoscout,infoscout.co,Commerce & Sales,"Retail, Proximity & IoT Marketing",Business Intelligence,45000000.0,30000000.0,15000000,45999264.0,184.0,184.0
169,Chatmeter,chatmeter.com,Commerce & Sales,"Channel, Partner & Local Marketing",Marketing Automation,0.0,10000000.0,9000000,9960000.0,1000.0,100.0
170,Fision,fisiononline.com,Commerce & Sales,"Channel, Partner & Local Marketing",Team Communication,0.0,1000000.0,500000,999996.0,100.0,25.0
171,GrowSumo,growsumo.com,Commerce & Sales,"Channel, Partner & Local Marketing",Marketing Automation,3600000.0,0.0,3600000,3600000.0,200.0,200.0
172,Logicbay,logicbay.com,Commerce & Sales,"Channel, Partner & Local Marketing",Sales Automation,15000000.0,10000000.0,9090000,9999996.0,0.0,60.0
173,Socialrep,socialrep.com,Commerce & Sales,"Channel, Partner & Local Marketing",Business Intelligence,1200000.0,800000.0,500000,799992.0,3.0,3.0
174,Structuredweb,structuredweb.com,Commerce & Sales,"Channel, Partner & Local Marketing",Marketing Automation,8640000.0,8640000.0,7200000,8640000.0,36.0,36.0
175,Cirrus Insight,cirrusinsight.com,Commerce & Sales,"Sales Automation, Enablement & Intelligence",Sales Automation,14400000.0,12000000.0,7680000,12000000.0,150000.0,150000.0
176,Cliently,cliently.com,Commerce & Sales,"Sales Automation, Enablement & Intelligence",Marketing Automation,40000.0,40000.0,39996,0.0,13.0,13.0
177,Close.io,close.io,Commerce & Sales,"Sales Automation, Enablement & Intelligence",Sales Automation,0.0,2400000.0,2400000,0.0,5000.0,500.0
178,Datanyze,datanyze.com,Commerce & Sales,"Sales Automation, Enablement & Intelligence",Business Intelligence,6000000.0,6000000.0,6000000,0.0,500.0,500.0
179,DialSource,dialsource.com,Commerce & Sales,"Sales Automation, Enablement & Intelligence",Sales Automation,27600000.0,12000000.0,9000000,12000000.0,1000.0,200.0
180,DocSend,docsend.com,Commerce & Sales,"Sales Automation, Enablement & Intelligence",Sales Automation,0.0,1200000.0,1200000,1200000.0,0.0,10000.0
181,Fileboard,fileboard.com,Commerce & Sales,"Sales Automation, Enablement & Intelligence",Sales Automation,20400000.0,20400000.0,20400000,0.0,800.0,800.0
182,FullContact,fullcontact.com,Commerce & Sales,"Sales Automation, Enablement & Intelligence",Sales Automation,120000000.0,12000000.0,12000000,0.0,0.0,50000.0
183,GetAccept,getaccept.com,Commerce & Sales,"Sales Automation, Enablement & Intelligence",Sales Automation,1700000.0,1700000.0,528000,670000.0,4700.0,4700.0
184,HG Focus,hgdata.com,Commerce & Sales,"Sales Automation, Enablement & Intelligence",Sales Automation,12000000.0,10000000.0,9996000,0.0,200.0,200.0
185,LeadFuze,leadfuze.com,Commerce & Sales,"Sales Automation, Enablement & Intelligence",Marketing Automation,367500.0,367500.0,294000,367500.0,175.0,175.0
186,LeadGnome,leadgnome.com,Commerce & Sales,"Sales Automation, Enablement & Intelligence",Marketing Automation,500000.0,200000.0,100000,249600.0,100.0,12.0
187,Nova.ai,nova.ai,Commerce & Sales,"Sales Automation, Enablement & Intelligence",Sales Automation,0.0,1800000.0,1800000,1800000.0,1000.0,1000.0
188,OneMob,onemob.com,Commerce & Sales,"Sales Automation, Enablement & Intelligence",Sales Automation,2400000.0,2400000.0,1200000,2400000.0,10000.0,10000.0
189,Outreach,outreach.io,Commerce & Sales,"Sales Automation, Enablement & Intelligence",Sales Automation,63360000.0,63360000.0,33600000,63360000.0,2200.0,2200.0
190,Pipedrive,pipedrive.com,Commerce & Sales,"Sales Automation, Enablement & Intelligence",Sales Automation,0.0,12000000.0,12000000,0.0,30000.0,30000.0
191,PredictLeads,predictleads.com,Commerce & Sales,"Sales Automation, Enablement & Intelligence",Business Intelligence,300000.0,150000.0,150000,150000.0,30.0,30.0
192,ProLeads,proleads.io,Commerce & Sales,"Sales Automation, Enablement & Intelligence",Marketing Automation,450000.0,90000.0,90000,90000.0,500.0,100.0
193,Proposable,proposable.com,Commerce & Sales,"Sales Automation, Enablement & Intelligence",Sales Automation,300000.0,300000.0,300000,300000.0,300.0,300.0
194,Prospect.io,prospect.io,Commerce & Sales,"Sales Automation, Enablement & Intelligence",Sales Automation,636000.0,636000.0,163200,636000.0,650.0,650.0
195,Repsly,repsly.com,Commerce & Sales,"Sales Automation, Enablement & Intelligence",Sales Automation,4200000.0,4200000.0,2000000,4200000.0,1000.0,1000.0
196,Showpad,showpad.com,Commerce & Sales,"Sales Automation, Enablement & Intelligence",Sales Automation,30000000.0,30000000.0,20000000,30000000.0,1000.0,1000.0
197,The SaaS Co.,thesaas.co,Commerce & Sales,"Sales Automation, Enablement & Intelligence",Marketing Automation,1080000.0,1080000.0,600000,1080000.0,20.0,20.0
198,Tilkee,tilkee.com,Commerce & Sales,"Sales Automation, Enablement & Intelligence",Sales Automation,1200000.0,1200000.0,1200000,0.0,800.0,800.0
199,Toofr,toofr.com,Commerce & Sales,"Sales Automation, Enablement & Intelligence",Marketing Automation,216000.0,216000.0,216000,216000.0,100.0,100.0
200,Troops,troops.ai,Commerce & Sales,"Sales Automation, Enablement & Intelligence",Technical Solutions,0.0,1000000.0,9999996,9999996.0,0.0,200.0
201,Unomy,unomy.com,Commerce & Sales,"Sales Automation, Enablement & Intelligence",Sales Automation,2000000.0,2000000.0,1992000,0.0,100.0,100.0
202,Winmo,winmo.com,Commerce & Sales,"Sales Automation, Enablement & Intelligence",Business Intelligence,20988000.0,14000004.0,14000004,14000004.0,3000.0,2000.0
203,Xactly,xactlycorp.com,Commerce & Sales,"Sales Automation, Enablement & Intelligence",Sales Automation,201600000.0,201600000.0,201600000,201600000.0,1400.0,1400.0
204,Yesware,yesware.com,Commerce & Sales,"Sales Automation, Enablement & Intelligence",Sales Automation,30000000.0,10000000.0,9996000,0.0,1666.0,1666.0
205,Leaddyno,leaddyno.com,Commerce & Sales,Affiliate Marketing & Management,Marketing Automation,1044000.0,1044000.0,720000,1044000.0,3000.0,3000.0
206,Linktrust,linktrust.com,Commerce & Sales,Affiliate Marketing & Management,Marketing Automation,4000000.0,1000000.0,996000,996000.0,110.0,110.0
207,Brightpearl,brightpearl.com,Commerce & Sales,Ecommerce Marketing,Sales Automation,11500000.0,11350000.0,7700000,11496000.0,913.0,913.0
208,Etailinsights,etailinsights.com,Commerce & Sales,Ecommerce Marketing,Business Intelligence,1350000.0,1350000.0,1350000,0.0,150.0,150.0
209,Feedvisor,feedvisor.com,Commerce & Sales,Ecommerce Marketing,Marketplace,18000000.0,15000000.0,15000000,15000000.0,600.0,500.0
210,Getmetrilo,metrilo.com,Commerce & Sales,Ecommerce Marketing,Sales Automation,810000.0,810000.0,216000,810000.0,450.0,450.0
211,loop54,loop54.com,Commerce & Sales,Ecommerce Marketing,Sales Automation,3100000.0,3100000.0,1600000,3120000.0,130.0,130.0
212,SaleCycle,salecycle.com,Commerce & Sales,Ecommerce Marketing,Marketing Automation,30000000.0,30000000.0,20400000,30000000.0,500.0,500.0
213,smartassistant,smartassistant.com,Commerce & Sales,Ecommerce Marketing,Sales Automation,50000000.0,12000000.0,12000000,12000000.0,100.0,100.0
214,Skubana,skubana.com,Commerce & Sales,Ecommerce Platforms & Carts,Business Intelligence,18000000.0,18000000.0,3600000,18000000.0,1000.0,1000.0
215,Ace Metrix,acemetrix.com,Data,Audience/Marketing Data & Data Enhancement,Business Intelligence,12000000.0,12000000.0,9600000,12000000.0,100.0,95.0
216,AeroLeads,aeroleads.com,Data,Audience/Marketing Data & Data Enhancement,Marketing Automation,360000.0,360000.0,144000,360000.0,200.0,200.0
217,Bombora,bombora.com,Data,Audience/Marketing Data & Data Enhancement,Marketing Automation,10000000.0,10000000.0,10000000,9999996.0,0.0,4000.0
218,DiscoverOrg,discoverorg.com,Data,Audience/Marketing Data & Data Enhancement,Sales Automation,165000000.0,165000000.0,70000000,165000000.0,4500.0,4500.0
219,Komiko,komiko.com,Data,Audience/Marketing Data & Data Enhancement,Sales Automation,840000.0,720000.0,120000,720000.0,50.0,50.0
220,LeadGenius,leadgenius.com,Data,Audience/Marketing Data & Data Enhancement,Sales Automation,8400000.0,8400000.0,8400000,0.0,200.0,200.0
221,Leadiro,leadiro.com,Data,Audience/Marketing Data & Data Enhancement,Sales Automation,600000.0,600000.0,600000,0.0,20.0,20.0
222,Owler,owler.com,Data,Audience/Marketing Data & Data Enhancement,Business Intelligence,0.0,0.0,0,0.0,0.0,0.0
223,Rocketreach,rocketreach.co,Data,Audience/Marketing Data & Data Enhancement,Sales Automation,42000000.0,840000.0,840000,840000.0,50000.0,1000.0
224,Versium,versium.com,Data,Audience/Marketing Data & Data Enhancement,Business Intelligence,7000000.0,7000000.0,6999996,6999996.0,500.0,500.0
225,BrightFunnel,brightfunnel.com,Data,"Marketing Analytics, Performance & Attribution",Marketing Automation,3500000.0,3500000.0,3480000,3480000.0,70.0,70.0
226,Full Circle Insights,fullcircleinsights.com,Data,"Marketing Analytics, Performance & Attribution",Business Intelligence,4000000.0,4000000.0,3600000,6000000.0,150.0,150.0
227,MSIGHTS,msights.com,Data,"Marketing Analytics, Performance & Attribution",Business Intelligence,4500000.0,4100000.0,3210000,3168000.0,20.0,0.0
228,Musqot Marketing Technology,musqot.com,Data,"Marketing Analytics, Performance & Attribution",Marketing Automation,1200000.0,1200000.0,500000,1200000.0,60.0,60.0
229,TapClicks,tapclicks.com,Data,"Marketing Analytics, Performance & Attribution",Marketing Automation,13200000.0,13200000.0,8000000,13200000.0,3000.0,3000.0
230,Crazy Egg,crazyegg.com,Data,Mobile & Web Analytics,Business Intelligence,0.0,1200000.0,1200000,1200000.0,0.0,4000.0
231,Localytics,localytics.com,Data,Mobile & Web Analytics,Business Intelligence,0.0,29000000.0,29520000,29520000.0,600.0,600.0
232,Lucky Orange,luckyorange.com,Data,Mobile & Web Analytics,Business Intelligence,3600000.0,1800000.0,1800000,1800000.0,15000.0,15000.0
233,Woopra,woopra.com,Data,Mobile & Web Analytics,Business Intelligence,3600000.0,3600000.0,3600000,0.0,1000.0,1000.0
234,Databox,databox.com,Data,Dashboards & Data Visualization,Business Intelligence,1092000.0,1092000.0,276000,1092000.0,650.0,650.0
235,Klipfolio,klipfolio.com,Data,Dashboards & Data Visualization,Business Intelligence,7200000.0,6000000.0,6000000,6000000.0,8500.0,8500.0
236,Screenful,screenful.com,Data,Dashboards & Data Visualization,Business Intelligence,180000.0,180000.0,72000,180000.0,300.0,300.0
237,Looker,looker.com,Data,Business/Customer Intelligence & Data Science,Business Intelligence,0.0,85000000.0,28800000,79000000.0,1300.0,1200.0
238,Profitwell,profitwell.com,Data,Business/Customer Intelligence & Data Science,Business Intelligence,12000000.0,8000000.0,3600000,7992000.0,500.0,0.0
239,RJMetrics,rjmetrics.com,Data,Business/Customer Intelligence & Data Science,Business Intelligence,0.0,3999996.0,3999996,3999996.0,400.0,400.0
240,SigOpt,sigopt.com,Data,Business/Customer Intelligence & Data Science,Technical Solutions,720000.0,600000.0,600000,600000.0,12.0,12.0
241,Astronomer,astronomer.io,Data,"iPaaS, Cloud/Data Integration & Tag Management",Connecting Data Sources,720000.0,720000.0,600000,720000.0,20.0,20.0
242,elastic.io,elastic.io,Data,"iPaaS, Cloud/Data Integration & Tag Management",Technical Solutions,2400000.0,0.0,1200000,2400000.0,200.0,200.0
243,ObservePoint,observepoint.com,Data,"iPaaS, Cloud/Data Integration & Tag Management",Business Intelligence,0.0,10000000.0,5000000,9996000.0,250.0,250.0
244,Segment,segment.com,Data,"iPaaS, Cloud/Data Integration & Tag Management",Technical Solutions,0.0,96000000.0,96000000,96000000.0,4000.0,4000.0
245,SnapLogic,snaplogic.com,Data,"iPaaS, Cloud/Data Integration & Tag Management",Technical Solutions,100000000.0,90000000.0,90000000,90000000.0,750.0,750.0
246,Talend Open Source Integration,talend.com,Data,"iPaaS, Cloud/Data Integration & Tag Management",Business Intelligence,150000000.0,140000000.0,100000000,132000000.0,0.0,1500.0
247,Workato,workato.com,Data,"iPaaS, Cloud/Data Integration & Tag Management",Technical Solutions,0.0,30000000.0,10000000,30000000.0,1000.0,1000.0
248,Zapier,zapier.com,Data,"iPaaS, Cloud/Data Integration & Tag Management",Technical Solutions,0.0,20000000.0,19999992,19999992.0,0.0,60000.0
249,Radius,radius.com,Data,Predictive Analytics,Sales Automation,0.0,0.0,0,0.0,500.0,100.0
250,HireMojo,hiremojo.com,Management,Talent Management,Human Resources,2400000.0,2400000.0,720000,2400000.0,200.0,200.0
251,JazzHR,jazzhr.com,Management,Talent Management,Human Resources,9000000.0,9000000.0,7200000,8000000.0,3500.0,3500.0
252,Jobscience,jobscience.com,Management,Talent Management,Human Resources,18000000.0,18000000.0,12000000,18000000.0,500.0,500.0
253,RecruiterBox,recruiterbox.com,Management,Talent Management,Human Resources,6000000.0,4000000.0,2700000,3996000.0,2100.0,2100.0
254,SwoopTalent,swooptalent.com,Management,Talent Management,Human Resources,2295000.0,2295000.0,600000,2280000.0,27.0,27.0
255,Weekdone,weekdone.com,Management,Talent Management,Team Communication,900000.0,900000.0,420000,900000.0,900.0,900.0
256,Workable,workable.com,Management,Talent Management,Human Resources,20000000.0,20000000.0,14000000,19992000.0,6000.0,6000.0
257,Atlassian,atlassian.com,Management,Product Management,Team Communication,1000000000.0,1000000000.0,548000000,740000000.0,0.0,0.0
258,Wrike,wrike.com,Management,Product Management,Team Communication,0.0,88800000.0,28800000,50000000.0,18000.0,18000.0
259,Host Analytics,hostanalytics.com,Management,Budgeting & Finance,Business Intelligence,50000000.0,40000000.0,48000000,48000000.0,700.0,700.0
260,Doodle,doodle.com,Management,Collaboration,Misc,750000.0,750000.0,750000,750000.0,30000.0,25000.0
261,Front,frontapp.com,Management,Collaboration,Human Resources,8712000.0,8712000.0,2904000,8712000.0,1700.0,1700.0
262,Hiver,hiverhq.com,Management,Collaboration,Team Communication,1380000.0,1380000.0,1380000,1380000.0,1000.0,1000.0
263,Jostle,jostle.me,Management,Collaboration,Human Resources,12000000.0,6000000.0,6000000,6000000.0,500.0,500.0
264,Ryver,ryver.com,Management,Collaboration,Team Communication,1000000.0,840000.0,840000,840000.0,2000.0,1000.0
265,Sococo,sococo.com,Management,Collaboration,Team Communication,2700000.0,2700000.0,1800000,2700000.0,300.0,300.0
266,Zinc,zinc.it,Management,Collaboration,Team Communication,0.0,1000000.0,999996,999996.0,70.0,70.0
267,Agiloft,agiloft.com,Management,Projects & Workflow,Sales Automation,50000000.0,10000000.0,9996000,9996000.0,0.0,1000.0
268,Assembla,assembla.com,Management,Projects & Workflow,Technical Solutions,12000000.0,10800000.0,6500000,10800000.0,3500.0,3500.0
269,Dapulse,dapulse.com,Management,Projects & Workflow,Team Communication,0.0,13000000.0,6500000,17000000.0,15000.0,15000.0
270,LiquidPlanner,liquidplanner.com,Management,Projects & Workflow,Team Communication,15000000.0,5000000.0,7392000,0.0,1800.0,1800.0
271,MavenLink,mavenlink.com,Management,Projects & Workflow,Team Communication,0.0,0.0,0,0.0,10000.0,5000.0
272,Process Street,process.st,Management,Projects & Workflow,Team Communication,960000.0,840000.0,840000,840000.0,1000.0,500.0
273,ProcessMaker,processmaker.com,Management,Projects & Workflow,Technical Solutions,10000000.0,10000000.0,10500000,10500000.0,350.0,350.0
274,Pipefy,pipefy.com,Management,Agile & Lean Management,Technical Solutions,600000.0,600000.0,600000,600000.0,400.0,400.0
275,Teamwork.com,teamwork.com,Management,Agile & Lean Management,Team Communication,18000000.0,18000000.0,12000000,18000000.0,20000.0,20000.0
276,CB Insights,cbinsights.com,Management,Vendor Analysis,Business Intelligence,20000000.0,12000000.0,18000000,0.0,500.0,500.0
